{
  "$schema": "https://schema.management.azure.com/schemas/2019-04-01/deploymentTemplate.json#",
  "contentVersion": "1.0.0.0",
  "parameters": {
    "siteName": {
      "type": "string",
      "metadata": {
        "description": "Name of the Web App."
      }
    },
    "hostingPlanName": {
      "type": "string",
      "metadata": {
        "description": "Name of the App Service Plan."
      }
    },
    "location": {
      "type": "string",
      "defaultValue": "[resourceGroup().location]",
      "metadata": {
        "description": "Azure region."
      }
    },
    "openaiKey": {
      "type": "securestring",
      "metadata": {
        "description": "Your OpenAI API key."
      }
    },
    "sku": {
      "type": "object",
      "defaultValue": {
        "name": "B1",
        "tier": "Basic"
      },
      "metadata": {
        "description": "Select the SKU for the App Service Plan."
      }
    }
  },
  "resources": [
    {
      "type": "Microsoft.Web/serverfarms",
      "apiVersion": "2022-03-01",
      "name": "[parameters('hostingPlanName')]",
      "location": "[parameters('location')]",
      "sku": {
        "name": "[parameters('sku').name]",
        "tier": "[parameters('sku').tier]"
      },
      "properties": {}
    },
    {
      "type": "Microsoft.Web/sites",
      "apiVersion": "2022-03-01",
      "name": "[parameters('siteName')]",
      "location": "[parameters('location')]",
      "dependsOn": [
        "[resourceId('Microsoft.Web/serverfarms', parameters('hostingPlanName'))]"
      ],
      "properties": {
        "serverFarmId": "[resourceId('Microsoft.Web/serverfarms', parameters('hostingPlanName'))]",
        "siteConfig": {
          "appSettings": [
            {
              "name": "OPENAI_API_KEY",
              "value": "[parameters('openaiKey')]"
            },
            {
              "name": "WEBSITE_RUN_FROM_PACKAGE",
              "value": "https://github.com/HOME-OFFICE-IMPROVEMENTS-LTD/hoi-streamlit-chatbot/releases/latest/download/deploy.zip"
            }
          ]
        }
      }
    }
  ],
  "outputs": {
    "siteUrl": {
      "type": "string",
      "value": "[concat('https://', parameters('siteName'), '.azurewebsites.net')]"
    }
  }
}
